0.5,0.7481171758897761,0.7660124869776199,0.7813886706542593,0.8194484711916558,0.8459927121029064,0.8523244257341701,0.8581000307838639,0.8593194047546789,0.8798574537949161,0.8920122846058963,0.8948962656275756,0.8976035758925318,0.9001498422554457,0.9172689008616024,0.9187862099733523,0.8760643058388031,0.8810216694657328,0.8891901938377423,0.8976712056832277,0.9001297202019751,0.9090450904517499,0.9116127350568154,0.91834026707754,0.9249153532277247,0.9268108793461355,0.9323740562870318,0.9339683428587149,0.939339072993887,0.9423998272076507,0.9446960192130543,0.9492651447156826,0.9527988642158762,0.9544211571043754,0.9560974266386923
"[1.0, 1.0, 1.0, 1.0, 1.0, 1.0, 1.0, 1.0, 1.0]","[1.0, 1.0, 1.0, 1.0, 1.0, 1.99, 1.99, 1.0, 1.0]","[1.0, 1.0, 1.0, 1.3233333333333333, 1.0, 1.99, 1.99, 1.0, 1.0]","[1.0, 1.0, 1.0, 1.3233333333333333, 1.0, 2.3034333333333334, 1.99, 1.0, 1.0]","[1.0, 1.0, 1.0, 1.3233333333333333, 1.99, 2.3034333333333334, 1.99, 1.0, 1.0]","[1.0, 1.0, 1.0, 1.3233333333333333, 2.9701, 2.3034333333333334, 1.99, 1.0, 1.0]","[1.3233333333333333, 1.0, 1.0, 1.3233333333333333, 2.9701, 2.3034333333333334, 1.99, 1.0, 1.0]","[1.3233333333333333, 1.0, 1.0, 1.3233333333333333, 3.2737323333333332, 2.3034333333333334, 1.99, 1.0, 1.0]","[1.3233333333333333, 1.0, 0.99, 1.3233333333333333, 3.2737323333333332, 2.3034333333333334, 1.99, 1.0, 1.0]","[1.3233333333333333, 1.99, 0.99, 1.643433333333333, 3.2737323333333332, 2.3034333333333334, 1.99, 1.0, 1.0]","[1.3233333333333333, 1.99, 0.99, 1.643433333333333, 4.24099501, 2.3034333333333334, 1.99, 1.0, 1.0]","[1.3233333333333333, 1.99, 0.99, 1.643433333333333, 4.24099501, 2.6137323333333335, 1.99, 1.0, 1.0]","[1.3233333333333333, 1.99, 1.3134333333333332, 1.643433333333333, 4.24099501, 2.6137323333333335, 1.99, 1.0, 1.0]","[1.3233333333333333, 1.99, 1.3134333333333332, 1.643433333333333, 4.24099501, 2.6137323333333335, 1.99, 1.0, 1.3233333333333333]","[2.3101, 1.99, 1.3134333333333332, 1.643433333333333, 5.1985850599, 2.6137323333333335, 2.3034333333333334, 1.0, 1.3233333333333333]","[2.3101, 1.99, 1.3134333333333332, 1.643433333333333, 5.1985850599, 2.6137323333333335, 2.6137323333333335, 1.0, 1.3233333333333333]","[2.3101, 1.99, 1.3134333333333332, 1.643433333333333, 6.364215218369242, 2.6137323333333335, 2.6137323333333335, 1.0, 1.3233333333333333]","[2.3101, 1.99, 1.3134333333333332, 1.643433333333333, 6.633906399518883, 2.6137323333333335, 2.9209283433333337, 1.0, 1.3100999999999998]","[2.3101, 1.99, 1.3134333333333332, 1.643433333333333, 7.5675673355236945, 2.6137323333333335, 2.8917190599, 1.0, 1.3100999999999998]","[2.6203323333333333, 1.99, 1.3134333333333332, 1.643433333333333, 8.491891662168458, 2.6137323333333335, 2.8917190599, 1.0, 1.2969989999999998]","[2.6203323333333333, 1.99, 1.3134333333333332, 1.643433333333333, 8.491891662168458, 2.9209283433333337, 3.1961352026343337, 1.0, 1.2969989999999998]","[2.6203323333333333, 1.99, 1.3134333333333332, 1.960332333333333, 9.646236351424639, 2.9209283433333337, 3.4975071839413236, 1.0, 1.617362343333333]","[2.9274623433333335, 1.99, 1.3134333333333332, 2.274062343333333, 9.646236351424639, 2.9209283433333337, 3.4975071839413236, 1.0, 1.6011887198999997]","[2.9274623433333335, 1.99, 1.3134333333333332, 2.274062343333333, 10.777609581364622, 2.9209283433333337, 3.4975071839413236, 1.3233333333333333, 2.232658397707323]","[2.9274623433333335, 1.99, 1.3134333333333332, 2.274062343333333, 10.777609581364622, 2.9209283433333337, 5.606625534715301, 1.643433333333333, 2.543665147063583]","[3.2315210532333336, 1.99, 1.6336323333333331, 2.5846550532333334, 11.00316681888431, 2.9209283433333337, 5.606625534715301, 1.643433333333333, 2.543665147063583]","[3.2315210532333336, 1.99, 1.6336323333333331, 2.5846550532333334, 11.666395094529962, 3.2250523932333337, 6.158387019907799, 1.643433333333333, 4.1115490818639815]","[3.5325391760343337, 1.99, 1.6336323333333331, 2.5846550532333334, 12.09756716548215, 3.2250523932333337, 6.158387019907799, 1.643433333333333, 4.693062588468221]","[3.5325391760343337, 1.99, 1.6336323333333331, 3.558808502701, 13.581207083202496, 3.2250523932333337, 6.430136483042054, 1.960332333333333, 4.979465295916872]","[3.5325391760343337, 1.99, 1.6336323333333331, 3.558808502701, 15.006385668441393, 3.824207183941324, 6.430136483042054, 2.274062343333333, 5.543707269861459]","[3.5325391760343337, 1.99, 1.6336323333333331, 3.558808502701, 15.371091926972744, 3.824207183941324, 7.365835118211634, 3.1965537510073236, 5.821603530496177]","[3.8305471176073236, 2.3034333333333334, 1.6336323333333331, 3.558808502701, 18.04580857439323, 4.119298445435244, 7.365835118211634, 3.4979215468305838, 6.638729417370243]","[5.373476037667268, 2.3034333333333334, 1.950629343333333, 3.8565537510073233, 19.819930013925177, 4.411438794314225, 7.625510100362851, 4.091646241381989, 6.638729417370243]","[7.141872641613785, 2.3034333333333334, 2.575145152734333, 4.443141664695611, 20.152221236290544, 4.986984495640704, 7.882588332692555, 4.384063112301502, 6.638729417370243]","[8.323082709379003, 2.3034333333333334, 2.575145152734333, 4.732043581381988, 20.414525367021692, 6.1039437417776545, 9.049058158205307, 4.384063112301502, 6.638729417370243]"
0.5,0.7210331300642144,0.8063737206798836,0.7289903001101147,0.7412150950124933,0.7847841098367042,0.8291860051841906,0.7819873635674264,0.791889082392839,0.8007581873856414,0.8048542015519328,0.8079919586465357,0.7905813266921446,0.7972171865556501,0.8149771838258407,0.8199226287848174,0.8281337523327431,0.8414289663322282,0.8477359511199792,0.8573685661944244,0.8610986585200233,0.8437809837233595,0.8490763266701558,0.8550396715070688,0.8728812982264859,0.8755354862464327,0.8889558308926173,0.8930300608345852,0.8853951262434474,0.886902090821258,0.8898818568842592,0.8921817850369299,0.8946737233705065,0.9006671084408744,0.9056429879187562
"[1.0, 1.0, 1.0, 1.0, 1.0, 1.0, 1.0, 1.0, 1.0]","[1.0, 1.0, 1.3233333333333333, 1.643433333333333, 1.0, 1.0, 1.0, 1.0, 1.643433333333333]","[1.643433333333333, 1.0, 1.3233333333333333, 2.6269989999999996, 1.0, 1.0, 1.0, 1.0, 1.643433333333333]","[1.643433333333333, 1.0, 1.3233333333333333, 2.9340623433333333, 1.6566666666666667, 1.0, 1.0, 1.0, 1.643433333333333]","[1.643433333333333, 1.0, 1.3233333333333333, 3.2380550532333334, 1.6566666666666667, 1.0, 1.0, 1.0, 1.643433333333333]","[1.643433333333333, 1.0, 1.3233333333333333, 3.2380550532333334, 1.6566666666666667, 1.0, 0.99, 1.3233333333333333, 2.6269989999999996]","[1.643433333333333, 1.0, 1.3233333333333333, 3.2380550532333334, 1.9734333333333334, 1.0, 0.99, 1.643433333333333, 3.898055053233333]","[1.643433333333333, 1.0, 1.3233333333333333, 3.2380550532333334, 2.620365666666667, 1.3233333333333333, 0.99, 1.643433333333333, 3.898055053233333]","[1.643433333333333, 1.0, 1.960332333333333, 3.2380550532333334, 2.620365666666667, 1.3233333333333333, 0.99, 1.643433333333333, 3.898055053233333]","[1.643433333333333, 1.0, 1.960332333333333, 3.2380550532333334, 2.620365666666667, 1.643433333333333, 1.3134333333333332, 1.643433333333333, 3.898055053233333]","[1.643433333333333, 1.0, 2.274062343333333, 3.2380550532333334, 2.620365666666667, 1.643433333333333, 1.3134333333333332, 1.643433333333333, 3.898055053233333]","[1.643433333333333, 1.0, 2.274062343333333, 3.2380550532333334, 2.5941620100000002, 1.643433333333333, 1.3134333333333332, 1.643433333333333, 3.8590745027009996]","[1.643433333333333, 1.0, 2.274062343333333, 3.5390078360343336, 3.2348870565666665, 2.6269989999999996, 1.3134333333333332, 1.6269989999999996, 4.153817091007323]","[1.643433333333333, 1.0, 2.274062343333333, 3.5390078360343336, 3.2348870565666665, 2.9340623433333333, 1.3134333333333332, 1.6269989999999996, 4.445612253430583]","[1.643433333333333, 1.0, 2.2513217199, 3.5390078360343336, 4.202538186001, 2.9340623433333333, 1.3134333333333332, 1.6269989999999996, 4.73448946422961]","[1.643433333333333, 1.0, 2.5621418360343333, 3.5390078360343336, 4.493846137474323, 2.9340623433333333, 1.3134333333333332, 1.6269989999999996, 4.73448946422961]","[1.643433333333333, 1.0, 2.8698537510073234, 3.5390078360343336, 4.493846137474323, 2.9340623433333333, 1.3134333333333332, 1.9440623433333328, 4.970273123891441]","[1.643433333333333, 1.0, 2.8698537510073234, 3.50361775767399, 5.44890767609958, 2.9340623433333333, 1.3134333333333332, 1.9440623433333328, 5.2046980220593335]","[2.274062343333333, 1.0, 2.8698537510073234, 3.50361775767399, 5.44890767609958, 2.9340623433333333, 1.6336323333333331, 1.9440623433333328, 5.15265104183874]","[2.274062343333333, 1.0, 2.8698537510073234, 3.50361775767399, 6.663807746678531, 2.9340623433333333, 1.6336323333333331, 1.9440623433333328, 5.15265104183874]","[2.274062343333333, 1.0, 2.8698537510073234, 3.8019149134305836, 6.663807746678531, 2.9340623433333333, 1.6336323333333331, 2.257955053233333, 5.434457864753686]","[2.274062343333333, 1.0, 3.1744885468305837, 4.4305624309629446, 7.597169669211746, 3.2380550532333334, 1.6336323333333331, 2.568708836034333, 5.434457864753686]","[2.274062343333333, 1.0, 3.1744885468305837, 4.719590139986648, 7.597169669211746, 3.5390078360343336, 1.6336323333333331, 2.876355081007323, 5.713446619439482]","[2.274062343333333, 1.0, 3.1427436613622777, 4.719590139986648, 8.361559466199822, 3.8369510910073235, 1.6336323333333331, 3.180924863530583, 5.713446619439482]","[2.274062343333333, 1.3233333333333333, 3.4446495580819882, 5.005727571920115, 10.185164432822445, 4.6725262419201155, 1.6336323333333331, 3.482448948228611, 6.207084874728842]","[2.274062343333333, 1.3233333333333333, 3.4446495580819882, 5.289003629534247, 10.416646121827554, 4.959134312834247, 1.6336323333333331, 3.482448948228611, 6.478347359314887]","[2.274062343333333, 1.3233333333333333, 4.03943436520949, 5.569446926572238, 11.986321702209525, 5.242876303039238, 1.6336323333333331, 3.780957792079658, 8.602633964395874]","[2.274062343333333, 1.3233333333333333, 4.332373354890729, 6.394062116739448, 12.41112723366889, 5.242876303039238, 2.264456383233333, 3.7431482141588615, 9.337160466352685]","[2.8921418360343334, 1.643433333333333, 4.332373354890729, 6.663454828905387, 14.025871010368355, 6.1904475400088455, 2.264456383233333, 5.288672969050129, 9.481350973072267]","[3.4979215468305838, 1.643433333333333, 5.193730867210452, 6.663454828905387, 14.59932194882274, 6.46187639794209, 2.575145152734333, 5.288672969050129, 9.956005422041464]","[4.091646241381989, 1.643433333333333, 5.475126891871681, 6.663454828905387, 15.365633496164266, 6.730590967296002, 2.575145152734333, 5.288672969050129, 9.856445367821049]","[4.091646241381989, 1.643433333333333, 6.029505200056767, 7.1288768903654, 16.07363256087108, 6.730590967296002, 2.8827270345403235, 5.288672969050129, 10.781528426445217]","[4.091646241381989, 1.643433333333333, 6.242851379908971, 7.3909214547950794, 16.07363256087108, 7.259985540380144, 2.8827270345403235, 5.569119572692961, 10.781528426445217]","[5.243885387136367, 1.643433333333333, 6.513756199443214, 7.834737029999544, 16.087100606243077, 8.207839014652725, 2.8827270345403235, 6.39374448559774, 11.118006250651367]","[6.350721713113832, 1.643433333333333, 6.7819519707821145, 7.834737029999544, 16.91939763113705, 8.207839014652725, 3.4886940998863047, 6.9298423036676775, 11.226757926263407]"
0.5,0.6994018400251004,0.77173184262914,0.5926347906690466,0.6659037866734532,0.7007404433887783,0.7292563985205087,0.6944943350000637,0.6669449079109557,0.67586054575,0.6882738547566329,0.7016590692071215,0.7068970983024355,0.7166964065764988,0.7296682322697126,0.7336147879808245,0.7455532461260048,0.7708605127632324,0.7905121361413494,0.8126324165739082,0.8218211641127653,0.8388990939122141,0.8499128376956286,0.855710239810289,0.8672723101032485,0.8725349232598588,0.8805679292439678,0.887950614309562,0.892243151615216,0.8979662194869057,0.8845199061324486,0.88868882853032,0.8921694165173237,0.8983846832363759,0.8882471249229383
"[1.0, 1.0, 1.0, 1.0, 1.0, 1.0, 1.0, 1.0, 1.0]","[1.0, 1.0, 1.0, 1.0, 1.3134333333333332, 1.0, 1.99, 1.0, 1.0]","[1.0, 1.9801, 1.0, 1.0, 1.3134333333333332, 0.99, 1.99, 1.0, 1.0]","[1.0, 1.9801, 0.99, 1.0, 1.9669656666666664, 0.99, 1.99, 1.0, 1.6566666666666667]","[1.0, 2.6040293433333335, 1.9801, 1.0, 2.613962676666666, 0.99, 1.99, 1.0, 2.6401000000000003]","[1.0, 2.6040293433333335, 1.9801, 1.0, 2.5878230498999995, 0.99, 1.99, 1.99, 2.6401000000000003]","[1.0, 3.5522091594010003, 1.9801, 1.0, 2.5878230498999995, 0.99, 1.99, 1.99, 2.6401000000000003]","[1.0, 3.5522091594010003, 1.9801, 1.3233333333333333, 3.228611486067666, 0.99, 1.99, 1.99, 2.6401000000000003]","[1.0, 3.5522091594010003, 1.9801, 1.643433333333333, 3.862992037873656, 0.99, 1.99, 1.99, 2.6136990000000004]","[1.0, 3.5522091594010003, 1.9801, 1.643433333333333, 4.157695450828252, 0.99, 1.99, 1.99, 2.6136990000000004]","[1.0, 4.144853530462254, 1.9801, 1.643433333333333, 4.157695450828252, 0.99, 1.99, 1.99, 2.6136990000000004]","[1.0, 4.144853530462254, 2.2936323333333335, 1.9407290099999996, 4.157695450828252, 0.99, 1.99, 1.99, 2.6136990000000004]","[1.0, 4.144853530462254, 2.6040293433333335, 1.9407290099999996, 4.157695450828252, 0.99, 1.99, 1.99, 2.6136990000000004]","[1.0, 4.144853530462254, 2.6040293433333335, 1.9407290099999996, 4.449451829653303, 0.99, 1.99, 2.3034333333333334, 2.6136990000000004]","[1.0, 4.144853530462254, 2.885542492734334, 1.9213217198999997, 4.449451829653303, 0.99, 1.99, 2.3034333333333334, 2.920895343333334]","[1.0, 4.144853530462254, 2.885542492734334, 1.9213217198999997, 4.449451829653303, 0.99, 1.9701, 2.280399, 2.920895343333334]","[1.0, 4.144853530462254, 2.885542492734334, 2.5464207510073233, 4.449451829653303, 0.99, 2.2837323333333335, 2.280399, 2.920895343333334]","[1.0, 4.144853530462254, 3.190020401140324, 2.5464207510073233, 4.738290644690103, 0.99, 2.2837323333333335, 2.5650190599000005, 3.8916863899000007]","[1.0, 5.052370945206055, 3.4914535304622545, 2.5209565434972503, 4.738290644690103, 0.99, 2.2837323333333335, 2.872702202634334, 3.8916863899000007]","[1.0, 5.615162096729787, 3.4914535304622545, 2.8290803113956113, 5.967331994194103, 0.99, 2.26089501, 3.177308513941324, 4.186102859334334]","[1.0, 5.615162096729787, 3.7898723284909654, 3.134122841614989, 5.967331994194103, 0.99, 2.8792365326343337, 3.4788687621352445, 4.477575164074324]","[1.0, 6.5034203710048635, 3.751973605206056, 3.134122841614989, 5.967331994194103, 0.99, 2.8792365326343337, 3.7774134078472255, 5.432799412433581]","[1.0, 6.5034203710048635, 3.751973605206056, 3.134122841614989, 7.178582087509639, 1.3134333333333332, 3.1837775006413236, 4.655253785554088, 5.432799412433581]","[1.0, 7.0373356389551995, 4.630569570491163, 3.134122841614989, 7.178582087509639, 1.3002989999999999, 3.1837775006413236, 4.94203458103188, 5.432799412433581]","[1.3233333333333333, 7.887292659739991, 4.9175972081195845, 3.7350871304001845, 7.369061637301531, 1.3002989999999999, 3.485273058968244, 5.507021426202678, 5.432799412433581]","[1.3233333333333333, 8.889968191981858, 5.2017545693717215, 3.7350871304001845, 7.628704354261848, 1.937756383233333, 3.783753661711895, 6.060765033154578, 5.432799412433581]","[1.3233333333333333, 10.634184964790554, 5.761572986774557, 3.7350871304001845, 7.628704354261848, 2.251712152734333, 3.783753661711895, 6.603489142328134, 5.711804751642578]","[1.3233333333333333, 11.422564683991222, 6.310251017671076, 4.031069592429516, 8.39215753956925, 2.562528364540323, 3.783753661711895, 6.805413041729137, 5.988020037459486]","[1.643433333333333, 11.858588980113131, 6.779530252195227, 4.031069592429516, 8.225153604531823, 2.562528364540323, 4.07924945842811, 6.805413041729137, 5.988020037459486]","[1.643433333333333, 12.285936392742213, 7.307950933509874, 4.031069592429516, 8.225153604531823, 2.8702364142282533, 4.288091670263336, 7.448778758144102, 6.261473170418224]","[1.643433333333333, 12.285936392742213, 7.492522709933027, 5.5156956998534525, 8.476235401819839, 3.174867383419304, 5.150764392898178, 7.884242580248463, 6.800203187660234]","[1.643433333333333, 13.1152878113153, 8.26002062625864, 5.5156956998534525, 8.970891650656958, 3.174867383419304, 5.432590082302529, 8.805400154445978, 7.328212477559128]","[1.643433333333333, 13.911959474884442, 8.26002062625864, 5.793872076188251, 9.694480531074129, 3.174867383419304, 5.432590082302529, 9.717346152901518, 8.352917999708847]","[1.643433333333333, 15.385162038174865, 8.678023086971466, 5.793872076188251, 10.8530195273341, 3.174867383419304, 6.473304116788459, 10.418764588147525, 8.850028264847976]","[1.643433333333333, 15.742330646948519, 8.835330427540734, 5.793872076188251, 11.628078585198464, 3.7750208558225933, 7.007818698197701, 11.32169002583714, 10.93942194962548]"
0.5,0.7015105678841898,0.7272827697304002,0.7854278803960687,0.8001588512517841,0.8017610998439286,0.8131183873985794,0.8320722011477545,0.867118319242569,0.886017173368185,0.8955397889304518,0.9072359377630395,0.9196727977707937,0.9225514025106443,0.937471154283693,0.9396789762722406,0.944459501320347,0.9480070408576545,0.9488962823703173,0.9514494437251225,0.9525077988408281,0.9576768296790772,0.9583458726089277,0.9616657876447918,0.962668971664809,0.963314518201097,0.964478066111271,0.9658407894511102,0.9673376537269515,0.96800983315532,0.969170596910581,0.9706161675785638,0.9715143443864824,0.9722218407041268,0.972839543718487
"[1.0, 1.0, 1.0, 1.0, 1.0, 1.0, 1.0, 1.0, 1.0]","[1.3233333333333333, 1.0, 1.0, 1.0, 1.0, 1.0, 1.0, 1.99, 0.9801]","[1.3233333333333333, 1.0, 1.0, 1.3233333333333333, 1.0, 1.0, 1.0, 1.99, 0.9801]","[1.3233333333333333, 1.99, 1.0, 1.3233333333333333, 1.0, 1.0, 1.0, 1.99, 0.9801]","[1.3233333333333333, 1.9701, 1.0, 1.3233333333333333, 1.0, 1.0, 1.3233333333333333, 1.99, 0.9801]","[1.3233333333333333, 1.9701, 1.0, 1.3233333333333333, 1.0, 1.0, 1.3100999999999998, 1.99, 0.9801]","[1.3233333333333333, 1.9701, 1.0, 1.3233333333333333, 1.0, 1.0, 1.630332333333333, 1.99, 0.9801]","[1.3233333333333333, 1.9701, 1.0, 1.643433333333333, 1.0, 1.0, 1.630332333333333, 1.99, 1.3036323333333333]","[1.960332333333333, 1.9701, 1.0, 1.643433333333333, 1.0, 1.0, 1.630332333333333, 1.99, 1.3036323333333333]","[1.960332333333333, 1.9701, 1.0, 1.643433333333333, 1.0, 1.3233333333333333, 1.630332333333333, 1.99, 2.29059601]","[2.274062343333333, 1.9701, 1.0, 1.643433333333333, 1.0, 1.643433333333333, 1.630332333333333, 2.3034333333333334, 2.29059601]","[2.274062343333333, 2.2837323333333335, 1.0, 1.643433333333333, 1.0, 1.643433333333333, 1.630332333333333, 2.3034333333333334, 3.2676900498999997]","[2.274062343333333, 2.5942283433333335, 1.0, 1.960332333333333, 1.0, 1.643433333333333, 1.630332333333333, 2.3034333333333334, 4.2350131494009995]","[2.274062343333333, 2.5942283433333335, 1.643433333333333, 1.960332333333333, 1.0, 1.643433333333333, 1.630332333333333, 2.3034333333333334, 4.2350131494009995]","[3.2513217199, 3.8659365326343336, 2.274062343333333, 2.274062343333333, 1.0, 1.643433333333333, 1.630332333333333, 2.9209283433333337, 4.2350131494009995]","[3.5521418360343335, 3.8659365326343336, 2.8921418360343334, 2.274062343333333, 1.0, 1.643433333333333, 1.630332333333333, 2.9209283433333337, 4.2350131494009995]","[3.8499537510073236, 3.8659365326343336, 2.8921418360343334, 2.5846550532333334, 1.0, 1.643433333333333, 1.630332333333333, 4.1861352026343335, 4.2350131494009995]","[3.8499537510073236, 4.160610500641323, 3.83458821349725, 2.5846550532333334, 1.0, 1.643433333333333, 1.630332333333333, 4.1861352026343335, 4.2350131494009995]","[3.8499537510073236, 4.452337728968243, 3.83458821349725, 2.5846550532333334, 1.0, 1.643433333333333, 1.630332333333333, 4.1861352026343335, 4.525996351240322]","[3.8499537510073236, 4.452337728968243, 3.83458821349725, 2.5846550532333334, 1.99, 1.643433333333333, 1.947362343333333, 4.1861352026343335, 4.525996351240322]","[3.8499537510073236, 4.741147685011894, 3.83458821349725, 2.8921418360343334, 1.99, 1.960332333333333, 1.947362343333333, 4.1861352026343335, 4.525996351240322]","[4.1447875468305835, 5.693736208161775, 4.758279908048655, 3.1965537510073236, 1.99, 2.274062343333333, 2.261222053233333, 4.1861352026343335, 4.814069721061252]","[4.1447875468305835, 5.693736208161775, 4.758279908048655, 3.4979215468305838, 1.99, 2.5846550532333334, 2.261222053233333, 4.1861352026343335, 5.099262357183973]","[5.103339671362278, 6.5146598823764945, 4.758279908048655, 3.4979215468305838, 1.99, 3.558808502701, 2.571943166034333, 4.1861352026343335, 5.099262357183973]","[5.385639607981988, 6.782846616886062, 4.758279908048655, 3.4979215468305838, 1.99, 4.151321546830584, 2.571943166034333, 5.0518361343142235, 5.099262357183973]","[5.385639607981988, 7.048351484050535, 5.32692347121182, 3.4979215468305838, 1.99, 4.151321546830584, 2.571943166034333, 5.334651106304414, 5.099262357183973]","[5.941798713116478, 7.571422622851261, 5.32692347121182, 3.7962756646956115, 1.99, 4.732043581381988, 2.5462237343739895, 5.334651106304414, 5.099262357183973]","[6.215714059318646, 8.084084645989854, 5.32692347121182, 4.758312908048655, 1.99, 4.732043581381988, 2.854094830363583, 5.334651106304414, 5.099262357183973]","[6.215714059318646, 9.50067924791931, 5.32692347121182, 4.758312908048655, 2.3034333333333334, 5.018056478901501, 3.1588872153932805, 5.6146379285747035, 5.661120369609344]","[7.021134469376155, 9.97494906421905, 5.884251027468037, 5.044063112301502, 2.3034333333333334, 5.3012092474458195, 3.1588872153932805, 5.89182488262229, 5.937842499246584]","[7.284256458015726, 11.106447577841092, 6.430487765354755, 5.607019589700035, 2.3034333333333334, 5.3012092474458195, 3.1588872153932805, 6.1662399671294, 6.211797407587452]","[7.802633087834545, 11.76660831166497, 6.430487765354755, 6.818773233198337, 2.6137323333333335, 5.525715183421648, 4.055098439542219, 6.9731298071990215, 6.211797407587452]","[8.97069402271997, 11.76660831166497, 6.430487765354755, 7.346412979191023, 2.9209283433333337, 6.07908678460489, 4.637735313928661, 7.236731842460364, 7.280494137990181]","[9.214320415826103, 13.060561611533544, 6.430487765354755, 7.346412979191023, 2.9209283433333337, 6.888565161348672, 5.208777714514814, 7.236731842460364, 7.79894563797751]","[9.455510545001175, 14.130656435464026, 6.965854392157528, 7.606282182732446, 3.2250523932333337, 6.888565161348672, 5.208777714514814, 8.011827003340782, 8.054289514931067]"
0.5,0.6945690414123584,0.7449861334764368,0.7635286541438058,0.851964736996597,0.8632133226937838,0.8681477592479194,0.8768966296510966,0.8818435589187018,0.885437024779757,0.8975872804243042,0.9086508111506989,0.9142492364285724,0.9175348699983868,0.9269435772585148,0.9291401292962828,0.9336719665351908,0.9419594035113636,0.9462659056905288,0.9481606383102943,0.9534208780687105,0.9288422131795991,0.9310119136289016,0.9323201460826348,0.9353031915342874,0.941547178511392,0.9450587865092579,0.9461678965240375,0.9483787690327037,0.9487891060296602,0.9326082100314376,0.9362790341325247,0.9385637634243875,0.9398158789070509,0.9415017711592194
"[1.0, 1.0, 1.0, 1.0, 1.0, 1.0, 1.0, 1.0, 1.0]","[1.643433333333333, 1.0, 1.0, 1.0, 1.3233333333333333, 1.3233333333333333, 1.0, 1.0, 1.0]","[1.6269989999999996, 1.0, 1.3233333333333333, 1.0, 1.3233333333333333, 1.3233333333333333, 1.0, 1.0, 1.0]","[1.9440623433333328, 1.0, 1.3233333333333333, 1.0, 1.3233333333333333, 1.3233333333333333, 1.0, 1.0, 1.0]","[2.257955053233333, 1.0, 1.3233333333333333, 1.0, 1.3233333333333333, 2.6203323333333333, 1.0, 1.99, 1.0]","[2.257955053233333, 1.0, 1.3233333333333333, 1.643433333333333, 1.3233333333333333, 2.6203323333333333, 1.0, 1.99, 1.0]","[2.257955053233333, 1.0, 1.3233333333333333, 1.643433333333333, 1.3233333333333333, 2.6203323333333333, 1.0, 1.99, 1.3233333333333333]","[2.257955053233333, 1.3233333333333333, 1.643433333333333, 1.643433333333333, 1.3233333333333333, 2.6203323333333333, 1.0, 1.99, 1.3233333333333333]","[2.257955053233333, 1.643433333333333, 1.643433333333333, 1.643433333333333, 1.3233333333333333, 2.59412901, 1.0, 1.99, 1.3233333333333333]","[2.257955053233333, 1.643433333333333, 1.643433333333333, 1.643433333333333, 1.3233333333333333, 2.59412901, 1.0, 1.99, 1.3233333333333333]","[2.257955053233333, 1.643433333333333, 1.643433333333333, 2.274062343333333, 1.643433333333333, 2.59412901, 1.0, 2.3034333333333334, 1.3233333333333333]","[2.257955053233333, 2.9407290099999996, 1.643433333333333, 2.274062343333333, 1.643433333333333, 2.59412901, 1.0, 2.3034333333333334, 1.3233333333333333]","[2.568708836034333, 2.9407290099999996, 1.960332333333333, 2.274062343333333, 1.643433333333333, 2.59412901, 1.3233333333333333, 2.3034333333333334, 1.3233333333333333]","[2.568708836034333, 2.9407290099999996, 1.960332333333333, 2.274062343333333, 1.643433333333333, 2.9015210532333335, 1.3233333333333333, 2.6137323333333335, 1.3233333333333333]","[2.568708836034333, 3.9113217198999997, 2.274062343333333, 2.274062343333333, 1.960332333333333, 2.9015210532333335, 1.643433333333333, 2.6137323333333335, 1.3233333333333333]","[2.568708836034333, 3.9113217198999997, 2.274062343333333, 2.274062343333333, 1.960332333333333, 3.5071141176073235, 1.643433333333333, 2.6137323333333335, 1.3233333333333333]","[2.568708836034333, 4.4968197510073225, 2.5846550532333334, 2.274062343333333, 1.960332333333333, 3.8053763097645836, 1.643433333333333, 2.6137323333333335, 1.3100999999999998]","[3.5430217476739894, 4.4968197510073225, 2.5846550532333334, 2.274062343333333, 2.9407290099999996, 3.8053763097645836, 1.643433333333333, 3.2250523932333337, 1.3100999999999998]","[3.5430217476739894, 5.451851553497249, 2.5846550532333334, 2.8921418360343334, 2.9407290099999996, 4.100655880000271, 1.643433333333333, 3.2250523932333337, 1.3100999999999998]","[3.5430217476739894, 5.73066637129561, 2.5846550532333334, 2.8921418360343334, 2.9113217198999997, 4.682386161321598, 1.643433333333333, 3.2250523932333337, 1.3100999999999998]","[3.840924863530583, 6.006693040915986, 2.8921418360343334, 2.8921418360343334, 4.84338641767399, 4.682386161321598, 1.643433333333333, 3.2250523932333337, 1.3100999999999998]","[4.4691822815619435, 6.006693040915986, 3.1965537510073236, 2.8921418360343334, 5.79495255349725, 5.252540010044631, 1.643433333333333, 3.5261352026343338, 1.3100999999999998]","[4.757823792079657, 6.006693040915986, 3.4979215468305838, 2.8921418360343334, 6.0703363612956105, 5.5333479432775174, 1.643433333333333, 3.824207183941324, 1.3100999999999998]","[4.757823792079657, 6.006693040915986, 3.4979215468305838, 2.8921418360343334, 6.342966331015988, 5.811347797178075, 1.643433333333333, 3.824207183941324, 1.947362343333333]","[5.043578887492194, 6.5504931827350905, 3.4979215468305838, 2.8921418360343334, 7.279536667705828, 5.811347797178075, 1.643433333333333, 3.824207183941324, 1.947362343333333]","[5.326476431950605, 6.5504931827350905, 3.4979215468305838, 2.8921418360343334, 9.373427149138298, 6.086567652539627, 1.960332333333333, 4.785965112101911, 1.947362343333333]","[5.606545000964432, 6.5504931827350905, 3.7962756646956115, 2.8921418360343334, 10.279692877646914, 7.54922384002488, 1.960332333333333, 5.071438794314225, 1.947362343333333]","[6.43005834122412, 6.8183215842410725, 3.7583129080486555, 2.8921418360343334, 10.279692877646914, 7.807064934957965, 1.960332333333333, 5.354057739704415, 1.947362343333333]","[6.6990910911452115, 6.8183215842410725, 3.7583129080486555, 2.8921418360343334, 11.398460322715074, 8.315037676085636, 1.960332333333333, 5.633850495640704, 2.261222053233333]","[6.6990910911452115, 6.8183215842410725, 4.0540631123015025, 2.8921418360343334, 11.617809052821258, 8.565220632658113, 2.274062343333333, 5.910845324017631, 2.571943166034333]","[6.6990910911452115, 8.193118842052186, 4.636720589700035, 2.8921418360343334, 12.589448506143414, 8.97085834798087, 2.274062343333333, 6.1850702041107875, 2.879557067707323]","[8.14355471998044, 8.193118842052186, 4.8777831832983365, 4.091646241381989, 13.002251814204495, 8.881149764501062, 2.274062343333333, 6.1850702041107875, 3.1522538820599473]","[8.395452506113969, 8.444520986964998, 5.444048631284033, 4.091646241381989, 14.130044213740101, 9.607404068678951, 2.274062343333333, 6.991400767311826, 3.4540646765726812]","[9.789532504563214, 8.444520986964998, 5.444048631284033, 4.091646241381989, 14.512189667220007, 9.607404068678951, 2.274062343333333, 7.77378250645523, 3.7528573631402877]","[9.789532504563214, 8.444520986964998, 5.722941478304525, 4.091646241381989, 14.70040110388114, 9.985387893768452, 2.8921418360343334, 8.532926725564337, 4.7153287895088845]"
0.5,0.7449583587263773,0.779060952616269,0.6069252718150699,0.54829807248032,0.6096144266515785,0.624323023729673,0.5499194612693799,0.5149622133631002,0.5531111961338228,0.5667755818985796,0.601105389503706,0.5712200118048204,0.5800563801435278,0.5933118994667985,0.6088468436190264,0.609789444185002,0.6289920761440903,0.6542456797935203,0.689569599611894,0.6976485942666641,0.7185486470929274,0.6856339363337272,0.7076636565268261,0.7297190359985715,0.744202954650735,0.7655838130358503,0.7782849592846419,0.78908073075853,0.799346557872284,0.8277622640926238,0.838869120899992,0.850221691942008,0.8586372434866042,0.8656177478930788
"[1.0, 1.0, 1.0, 1.0, 1.0, 1.0, 1.0, 1.0, 1.0]","[1.0, 2.3034333333333334, 1.0, 1.3233333333333333, 1.0, 1.0, 1.3233333333333333, 1.0, 1.0]","[1.0, 2.3034333333333334, 1.0, 1.3233333333333333, 1.0, 1.3233333333333333, 1.3233333333333333, 1.0, 1.3233333333333333]","[1.6566666666666667, 2.9470656666666666, 1.0, 1.3233333333333333, 1.0, 1.3233333333333333, 1.3100999999999998, 1.0, 1.3233333333333333]","[1.6566666666666667, 3.5842616766666664, 1.0, 1.3233333333333333, 1.0, 1.3233333333333333, 1.3100999999999998, 1.0, 1.3233333333333333]","[1.6566666666666667, 4.5484190599, 1.0, 1.3233333333333333, 1.0, 1.3233333333333333, 1.3100999999999998, 1.0, 1.3233333333333333]","[1.9734333333333334, 4.5484190599, 1.0, 1.3233333333333333, 1.0, 1.3233333333333333, 1.3100999999999998, 1.0, 1.3233333333333333]","[2.620365666666667, 5.169601535967667, 1.0, 1.3233333333333333, 1.0, 1.3233333333333333, 1.3100999999999998, 1.0, 1.3233333333333333]","[2.620365666666667, 5.784572187274657, 1.0, 1.3233333333333333, 1.0, 1.3233333333333333, 1.3100999999999998, 1.0, 1.3233333333333333]","[2.620365666666667, 6.060059798735243, 1.0, 1.3233333333333333, 1.0, 1.3233333333333333, 1.630332333333333, 1.0, 1.643433333333333]","[2.620365666666667, 6.060059798735243, 1.0, 1.643433333333333, 1.0, 1.3233333333333333, 1.630332333333333, 1.0, 1.643433333333333]","[3.5941620100000002, 6.060059798735243, 1.0, 1.643433333333333, 1.0, 1.3233333333333333, 1.630332333333333, 1.0, 1.643433333333333]","[4.224887056566667, 6.060059798735243, 1.0, 1.643433333333333, 1.0, 1.3233333333333333, 1.630332333333333, 1.0, 1.643433333333333]","[4.224887056566667, 6.332792534081224, 1.0, 1.643433333333333, 1.0, 1.3233333333333333, 1.630332333333333, 1.0, 1.643433333333333]","[4.182638186001, 6.332792534081224, 1.0, 1.960332333333333, 1.0, 1.3233333333333333, 1.630332333333333, 1.0, 1.643433333333333]","[4.4741451374743235, 6.332792534081224, 1.0, 1.960332333333333, 1.0, 1.3233333333333333, 1.947362343333333, 1.0, 1.643433333333333]","[4.4741451374743235, 6.332792534081224, 1.0, 1.960332333333333, 1.0, 1.643433333333333, 2.261222053233333, 1.0, 1.643433333333333]","[4.4294036860995805, 6.602797942073745, 1.0, 1.9407290099999996, 1.0, 1.643433333333333, 2.261222053233333, 1.0, 1.6269989999999996]","[4.4294036860995805, 6.602797942073745, 1.0, 1.9407290099999996, 1.0, 1.643433333333333, 3.2386098327009996, 1.0, 1.6107290099999996]","[4.674591886079532, 6.80473559635981, 0.99, 2.9213217199, 1.0, 1.643433333333333, 3.2386098327009996, 1.0, 1.6107290099999996]","[4.674591886079532, 6.80473559635981, 0.99, 2.86318741767399, 1.0, 1.960332333333333, 3.2386098327009996, 1.0, 1.6107290099999996]","[4.627845967218737, 6.80473559635981, 0.99, 2.8345555434972503, 1.643433333333333, 1.960332333333333, 3.2062237343739897, 1.0, 1.5946217198999995]","[4.627845967218737, 6.99932135799225, 0.99, 3.139543321395611, 2.937395676666666, 2.274062343333333, 3.2062237343739897, 1.0, 1.5786755027009995]","[5.480427647479705, 6.99932135799225, 0.99, 3.4414812215149886, 2.937395676666666, 2.2513217199, 3.507494830363583, 1.0, 1.5786755027009995]","[5.371367137294859, 8.183368196301538, 0.99, 3.407066409299839, 2.937395676666666, 2.2513217199, 3.4724198820599472, 1.0, 1.5786755027009995]","[5.650986799255244, 8.434867847671857, 0.99, 3.635873129877224, 2.937395676666666, 2.2513217199, 3.7710290165726814, 1.0, 1.5786755027009995]","[6.408448371927257, 8.434867847671857, 0.99, 3.599514398578452, 2.937395676666666, 2.2513217199, 4.315725683751455, 1.3233333333333333, 1.5786755027009995]","[6.944253582659237, 9.174377171061488, 0.99, 3.599514398578452, 2.937395676666666, 2.5621418360343333, 4.605901760247273, 1.3233333333333333, 1.5786755027009995]","[7.731368973667341, 10.981807065357366, 1.3134333333333332, 3.8612173953800744, 2.937395676666666, 2.53652041767399, 4.8931760759781335, 1.3233333333333333, 2.210593193530583]","[8.491772917113781, 10.981807065357366, 1.3134333333333332, 4.155938554759607, 2.937395676666666, 2.53652041767399, 5.73787718667884, 1.3233333333333333, 2.5218205949286108]","[10.605497321316985, 11.205322328037125, 1.3134333333333332, 5.3592030237446915, 3.878941502700999, 2.53652041767399, 7.158548264727051, 1.3233333333333333, 2.5218205949286108]","[11.501064744256118, 11.64566974704252, 1.6336323333333331, 5.915888216905504, 3.878941502700999, 2.51115521349725, 7.859939233822561, 1.643433333333333, 2.5218205949286108]","[11.501064744256118, 12.289815043218944, 1.950629343333333, 7.332911616765441, 4.4650839001305815, 2.819376994695611, 8.033526443069492, 1.643433333333333, 2.829935722312658]","[12.595526889178755, 13.32115682454589, 1.950629343333333, 7.8503200089251415, 5.602608112114007, 3.4266047258345016, 8.784956007517218, 1.643433333333333, 2.829935722312658]","[13.551427145043256, 14.955352596633956, 2.264456383233333, 8.105150142169224, 5.602608112114007, 4.021748625123728, 8.784956007517218, 1.960332333333333, 3.1349696984228648]"
0.5,0.6287687963967746,0.7514832991426939,0.822741367296147,0.8330127447324974,0.8625196596257582,0.8676905019416981,0.889796278129539,0.907555580021849,0.911602128503581,0.9152385387311991,0.9200495916456527,0.9207857636237385,0.9261835642675125,0.9319216751392491,0.9347405131559021,0.9372611115927937,0.9395274455507544,0.9415752547865803,0.9451276591238215,0.9476380072381494,0.9498211259271446,0.953424040917767,0.9586359528754204,0.961079612849667,0.961858932104519,0.9638234996926948,0.9645087903658024,0.9662997064848019,0.967408223134586,0.9689649740892756,0.9713768636141691,0.9717279605423467,0.9725584909127291,0.9732149299204259
"[1.0, 1.0, 1.0, 1.0, 1.0, 1.0, 1.0, 1.0, 1.0]","[1.0, 1.0, 1.0, 1.3233333333333333, 1.0, 1.0, 1.3036323333333333, 1.0, 1.0]","[1.0, 1.99, 1.0, 1.3233333333333333, 1.3233333333333333, 1.0, 1.3036323333333333, 1.0, 1.0]","[1.0, 1.99, 1.0, 1.3233333333333333, 1.3233333333333333, 1.0, 1.3036323333333333, 1.0, 2.3101]","[1.0, 1.99, 1.0, 1.630332333333333, 1.3233333333333333, 1.0, 1.3036323333333333, 1.0, 2.3101]","[1.0, 1.99, 1.0, 1.630332333333333, 1.3233333333333333, 1.0, 1.6239293433333333, 1.0, 3.286999]","[1.0, 1.99, 1.0, 1.630332333333333, 1.3233333333333333, 1.0, 1.6239293433333333, 1.0, 3.5874623433333332]","[1.3233333333333333, 1.99, 1.0, 1.630332333333333, 1.3233333333333333, 1.0, 1.6239293433333333, 2.3034333333333334, 3.5874623433333332]","[1.3233333333333333, 1.99, 1.0, 2.6140290099999994, 1.3233333333333333, 1.0, 1.9410233832333332, 2.6137323333333335, 3.884921053233333]","[1.643433333333333, 1.99, 1.3233333333333333, 2.6140290099999994, 1.3233333333333333, 1.0, 1.9410233832333332, 2.6137323333333335, 3.884921053233333]","[1.643433333333333, 1.99, 1.643433333333333, 2.6140290099999994, 1.3233333333333333, 1.0, 2.2549464827343333, 2.6137323333333335, 3.884921053233333]","[1.643433333333333, 1.99, 1.643433333333333, 2.6140290099999994, 1.3233333333333333, 1.0, 2.2549464827343333, 3.2250523932333337, 3.884921053233333]","[1.6269989999999996, 1.99, 1.643433333333333, 2.6140290099999994, 1.3233333333333333, 1.0, 2.2549464827343333, 3.2250523932333337, 3.884921053233333]","[1.9440623433333328, 1.99, 1.643433333333333, 2.921222053233333, 1.3233333333333333, 1.0, 2.5657303512403233, 3.2250523932333337, 4.179405176034333]","[1.9440623433333328, 1.99, 1.643433333333333, 2.921222053233333, 1.3233333333333333, 1.0, 2.8734063810612533, 3.2250523932333337, 5.13761112427399]","[1.9440623433333328, 1.99, 1.643433333333333, 3.526423067707323, 1.3233333333333333, 1.0, 2.8734063810612533, 3.2250523932333337, 5.419568346364583]","[1.9440623433333328, 1.99, 1.643433333333333, 3.8244921703635835, 1.643433333333333, 1.0, 3.1780056505839744, 3.2250523932333337, 5.419568346364583]","[1.9440623433333328, 1.99, 1.643433333333333, 3.8244921703635835, 1.643433333333333, 1.0, 3.7780966714706867, 3.2250523932333337, 5.6987059962342705]","[1.9440623433333328, 1.99, 1.643433333333333, 4.119580581993281, 1.643433333333333, 1.0, 4.073649038089313, 3.2250523932333337, 5.975052269605261]","[1.9440623433333328, 1.99, 1.643433333333333, 4.700934261744948, 1.643433333333333, 1.643433333333333, 4.366245881041753, 3.5261352026343338, 5.975052269605261]","[1.9440623433333328, 1.99, 1.960332333333333, 4.700934261744948, 1.960332333333333, 1.643433333333333, 4.366245881041753, 3.824207183941324, 6.248635080242541]","[2.257955053233333, 1.99, 2.274062343333333, 5.270719003269556, 1.960332333333333, 1.643433333333333, 4.366245881041753, 3.824207183941324, 6.519482062773449]","[2.568708836034333, 2.3034333333333334, 2.5846550532333334, 5.551345146570194, 2.274062343333333, 1.643433333333333, 4.942690921342354, 4.119298445435244, 7.05307770305759]","[2.876355081007323, 3.280399, 2.558808502701, 5.829165028437825, 3.2513217199, 1.643433333333333, 5.507664705340974, 4.119298445435244, 7.576054790100077]","[4.7298815474921945, 3.280399, 3.171221546830584, 5.829165028437825, 3.2513217199, 1.643433333333333, 5.507664705340974, 4.119298445435244, 7.833627575532409]","[5.015916065350606, 3.8784523932333337, 3.171221546830584, 6.10420671148678, 3.2513217199, 1.643433333333333, 5.507664705340974, 4.119298445435244, 8.088624633110419]","[5.299090238030432, 4.1730012026343335, 3.7714475713819886, 6.586239001282244, 3.2513217199, 1.643433333333333, 6.334114889260975, 4.700657739704416, 8.088624633110419]","[5.299090238030432, 4.464604523941323, 3.7714475713819886, 6.8537099446027545, 3.5521418360343335, 1.643433333333333, 6.334114889260975, 5.27044798401763, 8.341071720112648]","[5.246099335650128, 4.464604523941323, 4.0670664290015015, 7.3806544500384925, 4.51662041767399, 1.643433333333333, 6.604107073701698, 5.551076837510786, 8.341071720112648]","[5.52697167562696, 4.7532918120352425, 4.359729098044819, 7.640181238871441, 4.51662041767399, 1.643433333333333, 6.871399336298014, 5.495566069135679, 9.083366882286917]","[5.805035292204024, 5.039092227248223, 4.359729098044819, 9.063293549229053, 4.51662041767399, 1.643433333333333, 6.871399336298014, 6.049537637693211, 9.232607881329407]","[5.805035292204024, 5.039092227248223, 5.602970488993727, 9.972660613736762, 5.471454213497251, 1.643433333333333, 7.657345237943959, 6.322375594649612, 9.712212317824287]","[6.352848423222496, 5.039092227248223, 6.1548047095960845, 10.666495954181501, 5.7500730046956114, 1.643433333333333, 8.168297401042208, 7.1246280504462565, 10.182272626032917]","[8.33516064234083, 5.039092227248223, 6.962034188249704, 10.666495954181501, 6.298979885235501, 1.643433333333333, 8.41994776036512, 7.646181285575708, 10.182272626032917]","[8.33516064234083, 5.602147625259316, 6.962034188249704, 11.99312369117969, 6.836963518852647, 2.274062343333333, 8.669081616094804, 7.903052806053284, 11.09451679063278]"
0.5,0.7848028498604775,0.8498802090478287,0.8737277689538238,0.8779556146912216,0.9035465320207294,0.9133832962139974,0.9141751245737348,0.9159107323447111,0.9247347011230002,0.9259833779968485,0.927179415053792,0.9283260155299248,0.9294261280176843,0.9334130701499815,0.9387229860155577,0.944772581155333,0.9463516720782068,0.9501210852828244,0.9529244876640925,0.9539017899511099,0.9569981418800564,0.959532394669805,0.9602954189576197,0.9628415806646143,0.9637754280263611,0.9664702055197171,0.9668676566380816,0.9675806542986879,0.9697077770765938,0.9711620800823095,0.972575045991853,0.9737325712808483,0.9741648176243648,0.9743377390357183
"[1.0, 1.0, 1.0, 1.0, 1.0, 1.0, 1.0, 1.0, 1.0]","[1.0, 0.99, 1.0, 1.0, 1.3233333333333333, 3.2737323333333332, 1.0, 1.0, 1.0]","[1.0, 0.99, 1.0, 1.0, 1.3233333333333333, 3.2737323333333332, 1.9801, 1.99, 1.0]","[1.0, 0.99, 1.0, 1.0, 2.3101, 3.2737323333333332, 1.9801, 2.3034333333333334, 1.0]","[1.0, 0.99, 1.3233333333333333, 1.0, 2.3101, 3.2737323333333332, 1.9801, 2.3034333333333334, 1.0]","[1.99, 0.99, 2.3101, 1.0, 2.3101, 3.5743283433333333, 1.9801, 2.3034333333333334, 1.0]","[1.99, 0.99, 2.6203323333333333, 1.0, 2.3101, 3.5743283433333333, 1.9801, 2.3034333333333334, 1.99]","[1.99, 0.99, 2.6203323333333333, 1.0, 2.3101, 3.5743283433333333, 1.9801, 2.280399, 1.99]","[1.99, 0.99, 2.6203323333333333, 1.0, 2.3101, 3.8719183932333334, 1.9801, 2.280399, 1.99]","[2.3034333333333334, 0.99, 2.6203323333333333, 1.0, 2.6203323333333333, 3.8719183932333334, 1.9801, 3.25759501, 1.99]","[2.3034333333333334, 0.99, 2.6203323333333333, 1.0, 2.6203323333333333, 4.166532542634333, 1.9801, 3.25759501, 1.99]","[2.3034333333333334, 0.99, 2.6203323333333333, 1.0, 2.6203323333333333, 4.166532542634333, 1.9801, 3.25759501, 2.3034333333333334]","[2.3034333333333334, 0.99, 2.6203323333333333, 1.3233333333333333, 2.6203323333333333, 4.166532542634333, 1.9801, 3.25759501, 2.3034333333333334]","[2.3034333333333334, 0.99, 2.6203323333333333, 1.3233333333333333, 2.6203323333333333, 4.4582005505413225, 1.9801, 3.25759501, 2.3034333333333334]","[2.3034333333333334, 0.99, 2.6203323333333333, 1.643433333333333, 2.6203323333333333, 4.746951878369242, 1.9801, 3.5583523932333336, 2.3034333333333334]","[2.3034333333333334, 1.9801, 2.6203323333333333, 1.643433333333333, 2.9274623433333335, 4.746951878369242, 1.9801, 3.5583523932333336, 2.3034333333333334]","[2.3034333333333334, 2.2936323333333335, 2.6203323333333333, 1.643433333333333, 3.2315210532333336, 5.0328156929188825, 2.93069601, 3.8561022026343337, 2.3034333333333334]","[2.3034333333333334, 2.2936323333333335, 2.6203323333333333, 1.643433333333333, 3.2315210532333336, 5.595995993963129, 2.93069601, 3.8561022026343337, 2.3034333333333334]","[2.6137323333333335, 2.2936323333333335, 2.6203323333333333, 1.643433333333333, 3.199205842701, 5.873369367356831, 2.93069601, 3.8561022026343337, 2.3034333333333334]","[2.6137323333333335, 3.27069601, 2.9274623433333335, 1.643433333333333, 3.199205842701, 6.147969007016595, 2.93069601, 3.8561022026343337, 2.3034333333333334]","[2.6137323333333335, 3.8689424927343334, 2.9274623433333335, 1.643433333333333, 3.199205842701, 6.147969007016595, 2.93069601, 3.8561022026343337, 2.3034333333333334]","[2.6137323333333335, 3.8689424927343334, 3.2315210532333336, 1.643433333333333, 4.16721378427399, 6.147969007016595, 3.535708492734334, 4.150874513941323, 2.3034333333333334]","[2.6137323333333335, 4.163586401140323, 3.2315210532333336, 1.643433333333333, 4.16721378427399, 6.688957757110297, 4.45534789372892, 4.150874513941323, 2.3034333333333334]","[2.6137323333333335, 4.163586401140323, 3.5325391760343337, 1.643433333333333, 4.458874979764583, 7.219180831077136, 4.45534789372892, 4.150874513941323, 2.3034333333333334]","[2.6137323333333335, 4.455283870462253, 3.5325391760343337, 1.643433333333333, 5.414286229966937, 7.219180831077136, 4.45534789372892, 4.442699102135243, 2.3034333333333334]","[2.6137323333333335, 4.7440643650909635, 3.5325391760343337, 1.960332333333333, 5.6934767010006, 7.219180831077136, 5.593255743211237, 4.442699102135243, 2.3034333333333334]","[2.6137323333333335, 4.7440643650909635, 4.49721378427399, 1.960332333333333, 7.181074749504181, 7.994797274546646, 5.593255743211237, 4.442699102135243, 2.3034333333333334]","[3.2250523932333337, 4.7440643650909635, 4.785574979764583, 1.960332333333333, 7.442597335342472, 7.994797274546646, 5.593255743211237, 4.731605444447223, 2.3034333333333334]","[3.2250523932333337, 5.029957054773387, 5.07105256330027, 1.960332333333333, 7.70150469532238, 8.248182635134514, 6.145283287254665, 5.300779829436056, 2.6137323333333335]","[3.5261352026343338, 7.190662300289562, 5.07105256330027, 2.274062343333333, 8.462795637699944, 8.499034142116502, 6.68632548317163, 5.581105364475029, 3.5261352026343338]","[3.5261352026343338, 7.967125772641994, 5.07105256330027, 2.274062343333333, 9.766194056353305, 8.499034142116502, 6.68632548317163, 5.858627644163612, 3.5261352026343338]","[3.824207183941324, 8.220787848248907, 5.910470564451022, 2.274062343333333, 11.354833376752033, 9.236637662394834, 6.68632548317163, 6.405374287378089, 4.49087385060799]","[3.824207183941324, 8.220787848248907, 6.456185533551779, 2.274062343333333, 12.458872192554669, 9.716161906246512, 7.736323914029322, 6.941240672392597, 5.44596511210191]","[3.824207183941324, 10.104952449356878, 6.9910407747674315, 2.274062343333333, 13.078864562896937, 9.952333620517381, 7.736323914029322, 7.466443316345317, 5.724838794314224]","[4.411438794314225, 10.567197228948011, 6.9910407747674315, 2.8921418360343334, 13.078864562896937, 10.186143617645541, 8.245704401473471, 8.734178305320087, 5.724838794314224]"
0.5,0.6240649089275091,0.6264198409269941,0.6666816682399425,0.6689112721331717,0.7030301487605018,0.729047113203904,0.80218795932332,0.8136158421784025,0.8151351249160854,0.8577724994562903,0.8686894911901488,0.8838767329102605,0.8908848872825401,0.8997363736793895,0.9086434856024003,0.9153288055303518,0.9259746001593709,0.9317338755110384,0.9337249251909941,0.9372752903325798,0.9410484310377661,0.9453795737529123,0.9474661837496815,0.9509921696225272,0.9525879111152994,0.9555124465547712,0.9604450630034658,0.9621938486200289,0.9663253224304352,0.9688813423984396,0.9696207992525152,0.9704968122889821,0.9712268473490264,0.9717184405580676
"[1.0, 1.0, 1.0, 1.0, 1.0, 1.0, 1.0, 1.0, 1.0]","[1.0, 1.0, 0.99, 1.0, 1.0, 1.0, 1.0, 1.643433333333333, 1.0]","[1.0, 1.0, 0.99, 1.0, 1.0, 1.0, 0.99, 1.643433333333333, 1.0]","[1.0, 1.0, 0.99, 1.0, 1.0, 1.0, 1.3134333333333332, 1.643433333333333, 1.0]","[1.0, 1.0, 0.99, 0.99, 1.0, 1.0, 1.3134333333333332, 1.643433333333333, 1.0]","[1.3233333333333333, 0.99, 0.99, 0.99, 1.0, 1.0, 1.3134333333333332, 1.643433333333333, 1.0]","[1.643433333333333, 0.99, 0.99, 0.99, 1.0, 1.0, 1.3134333333333332, 1.643433333333333, 1.0]","[1.643433333333333, 0.99, 0.99, 0.99, 1.0, 1.3134333333333332, 2.300299, 1.643433333333333, 1.0]","[1.643433333333333, 0.99, 0.99, 0.99, 1.0, 1.6336323333333331, 2.300299, 1.643433333333333, 1.0]","[1.643433333333333, 0.99, 0.99, 0.99, 1.0, 1.6336323333333331, 2.2772960099999997, 1.643433333333333, 1.0]","[1.643433333333333, 0.99, 1.3134333333333332, 1.3134333333333332, 1.0, 1.6336323333333331, 2.2772960099999997, 1.643433333333333, 1.99]","[1.643433333333333, 0.99, 1.3134333333333332, 1.3134333333333332, 1.0, 2.264456383233333, 2.2772960099999997, 1.643433333333333, 1.99]","[2.6269989999999996, 0.99, 1.3134333333333332, 1.3134333333333332, 1.0, 2.264456383233333, 2.2772960099999997, 1.643433333333333, 1.99]","[2.6269989999999996, 1.3134333333333332, 1.3134333333333332, 1.6336323333333331, 1.0, 2.264456383233333, 2.2772960099999997, 1.643433333333333, 1.99]","[2.6269989999999996, 1.3134333333333332, 1.950629343333333, 1.6336323333333331, 1.0, 2.264456383233333, 2.587856383233333, 1.643433333333333, 1.99]","[2.6269989999999996, 2.300299, 1.950629343333333, 1.6336323333333331, 1.0, 2.264456383233333, 2.587856383233333, 1.643433333333333, 1.99]","[2.9340623433333333, 2.300299, 2.245145152734333, 1.6336323333333331, 1.0, 2.264456383233333, 2.895311152734333, 1.643433333333333, 1.99]","[2.9340623433333333, 3.5845230499, 2.245145152734333, 2.264456383233333, 1.0, 2.264456383233333, 2.895311152734333, 1.643433333333333, 1.99]","[2.9340623433333333, 3.8820111527343335, 2.245145152734333, 2.264456383233333, 1.0, 2.264456383233333, 2.895311152734333, 2.274062343333333, 2.6137323333333335]","[2.9340623433333333, 4.176524374540324, 2.245145152734333, 2.264456383233333, 1.0, 2.575145152734333, 2.895311152734333, 2.274062343333333, 2.6137323333333335]","[3.2380550532333334, 4.468092464128254, 2.245145152734333, 2.264456383233333, 1.0, 2.8827270345403235, 2.895311152734333, 2.274062343333333, 2.9209283433333337]","[3.5390078360343336, 4.756744872820304, 2.245145152734333, 2.575145152734333, 1.0, 2.8827270345403235, 3.1996913745403233, 2.274062343333333, 3.2250523932333337]","[3.8369510910073235, 5.605498126686001, 2.245145152734333, 2.8827270345403235, 1.0, 3.187233097528254, 3.1996913745403233, 2.274062343333333, 3.5261352026343338]","[4.131914913430584, 5.882776478752474, 2.245145152734333, 2.8827270345403235, 1.0, 3.187233097528254, 3.1996913745403233, 2.274062343333333, 3.824207183941324]","[4.423929097629611, 6.429042560158632, 3.1684954298863044, 2.8827270345403235, 1.0, 3.187233097528254, 3.5010277941282535, 2.274062343333333, 3.824207183941324]","[4.423929097629611, 6.964437946544808, 3.470143808920775, 2.8538997641949204, 1.0, 3.187233097528254, 3.5010277941282535, 2.274062343333333, 3.824207183941324]","[4.713023139986648, 7.4891789647419, 3.470143808920775, 3.1586940998863047, 1.3233333333333333, 3.787140492220775, 3.5010277941282535, 2.8921418360343334, 3.824207183941324]","[5.665892908586781, 8.663477636676868, 3.470143808920775, 3.460440492220775, 1.3233333333333333, 4.375109729758915, 3.7993508495203043, 3.4979215468305838, 4.119298445435244]","[6.154310223308845, 8.663477636676868, 3.768775704164901, 3.759169420631901, 1.3233333333333333, 4.664691965794659, 4.387077100948184, 3.4979215468305838, 4.119298445435244]","[6.154310223308845, 11.186078700010869, 4.064421280456585, 4.054911059758915, 1.3233333333333333, 5.618045046136713, 4.676539663272035, 3.4979215468305838, 4.411438794314225]","[6.154310223308845, 12.510540976541847, 4.357110400985352, 4.347695282494659, 1.3233333333333333, 6.169579283051925, 4.9631075999726475, 3.4979215468305838, 5.937114650684297]","[6.154310223308845, 12.385435566776428, 5.217733198299018, 4.347695282494659, 1.643433333333333, 6.441216823554738, 5.5276750920665245, 3.4979215468305838, 6.211076837510787]","[6.42610045440909, 12.261581211108663, 5.498889199649361, 5.208597718242617, 1.643433333333333, 7.239939576011672, 6.081007691067733, 4.091646241381989, 6.211076837510787]","[7.225272178146018, 12.887433320890858, 5.498889199649361, 6.043930490746424, 1.643433333333333, 7.759198111782372, 6.623328971348818, 5.243885387136367, 7.279801961249612]","[7.744822595134245, 13.693083360522143, 6.325600024863909, 6.854453044574097, 1.960332333333333, 8.014939463997882, 7.93238495230046, 5.243885387136367, 7.279801961249612]"
0.5,0.7820208632583721,0.7952939048544949,0.7181782117103169,0.7202079145344618,0.7242403854179695,0.7638632645045172,0.7735609758704495,0.8077268932395789,0.8153894263576946,0.8168975055287211,0.8411595976786953,0.8465812430048709,0.857448394078565,0.8704976619672367,0.8730864169103137,0.8916867731286289,0.9118684670677458,0.9241653204651992,0.9277730455774035,0.9306611593202717,0.9353812579424182,0.9409824037346584,0.9425901687223049,0.9456663852281393,0.9463014872150574,0.9486704665247471,0.9496975449110233,0.953372742682937,0.9546314378641915,0.9574563120084714,0.9590709316645183,0.9596367097991714,0.9605951125068793,0.9457842469555505
"[1.0, 1.0, 1.0, 1.0, 1.0, 1.0, 1.0, 1.0, 1.0]","[1.643433333333333, 1.0, 2.9701, 1.0, 1.0, 1.0, 1.0, 1.0, 1.0]","[1.643433333333333, 1.0, 2.9701, 1.0, 1.3233333333333333, 1.0, 1.0, 1.0, 1.0]","[1.643433333333333, 1.6566666666666667, 2.9701, 1.0, 1.3233333333333333, 1.3100999999999998, 1.0, 1.0, 1.0]","[1.643433333333333, 1.6401000000000001, 2.9701, 1.0, 1.3233333333333333, 1.3100999999999998, 1.0, 1.0, 1.0]","[1.6269989999999996, 1.6401000000000001, 2.9701, 1.0, 1.3233333333333333, 1.2969989999999998, 1.0, 1.0, 1.0]","[1.9279550532333327, 1.6401000000000001, 2.9701, 1.3233333333333333, 1.3233333333333333, 1.617362343333333, 0.99, 1.0, 1.0]","[1.9279550532333327, 1.6401000000000001, 3.2737323333333332, 1.3233333333333333, 1.3233333333333333, 1.617362343333333, 0.99, 1.0, 1.0]","[1.9279550532333327, 2.6236990000000002, 3.2737323333333332, 1.3233333333333333, 1.3233333333333333, 1.934522053233333, 0.99, 1.0, 1.0]","[1.9279550532333327, 2.6236990000000002, 3.24099501, 1.3233333333333333, 1.643433333333333, 1.934522053233333, 0.99, 1.0, 1.0]","[1.9279550532333327, 2.6236990000000002, 3.24099501, 1.3233333333333333, 1.643433333333333, 1.934522053233333, 0.99, 0.99, 1.0]","[2.9086755027009996, 2.6236990000000002, 3.2085850599, 1.3233333333333333, 1.643433333333333, 1.934522053233333, 1.3134333333333332, 0.99, 1.0]","[3.212922081007323, 2.6236990000000002, 3.176499209301, 1.3233333333333333, 1.643433333333333, 1.934522053233333, 1.3134333333333332, 0.99, 1.0]","[3.514126193530583, 2.6236990000000002, 3.176499209301, 1.3233333333333333, 1.643433333333333, 2.248510166034333, 1.3134333333333332, 0.99, 1.0]","[3.812318264928611, 2.9307953433333336, 3.176499209301, 1.3233333333333333, 1.643433333333333, 2.2260250643739896, 1.3134333333333332, 0.99, 1.643433333333333]","[3.812318264928611, 2.9307953433333336, 3.176499209301, 1.3233333333333333, 1.643433333333333, 2.5370981470635834, 1.3134333333333332, 0.99, 1.643433333333333]","[5.066453131456532, 2.9307953433333336, 3.176499209301, 2.3101, 1.643433333333333, 2.5370981470635834, 1.3134333333333332, 0.99, 1.643433333333333]","[6.28896404747388, 2.9014873899, 3.176499209301, 2.3101, 2.6269989999999996, 2.845060498926281, 1.3134333333333332, 0.99, 1.643433333333333]","[7.226074406999141, 2.9014873899, 3.4780675505413234, 2.3101, 3.60072901, 3.1499432272703514, 1.3134333333333332, 1.6336323333333331, 2.274062343333333]","[7.226074406999141, 3.2058058493343338, 3.4780675505413234, 2.3101, 3.60072901, 3.1499432272703514, 1.3134333333333332, 1.6336323333333331, 2.274062343333333]","[7.487146996262482, 3.507081124174324, 3.4780675505413234, 2.3101, 3.60072901, 3.4517771283309813, 1.3134333333333332, 1.950629343333333, 2.8921418360343334]","[7.487146996262482, 3.4720103129325808, 3.7766202083692435, 2.3101, 4.5647217199, 3.750592690381005, 1.3134333333333332, 2.264456383233333, 2.8921418360343334]","[7.74560885963319, 3.4720103129325808, 4.072187339618885, 2.3101, 5.519074502701, 4.339289229175756, 1.3134333333333332, 2.575145152734333, 2.8921418360343334]","[7.74560885963319, 3.4720103129325808, 4.072187339618885, 2.9274623433333335, 5.519074502701, 4.916270706848491, 1.3134333333333332, 2.8827270345403235, 2.8921418360343334]","[9.158989864226559, 3.4720103129325808, 4.072187339618885, 2.9274623433333335, 5.519074502701, 5.200441333113339, 1.3134333333333332, 2.8827270345403235, 4.091646241381989]","[9.400733298917627, 3.4720103129325808, 4.072187339618885, 2.9274623433333335, 5.519074502701, 5.481770253115539, 1.3134333333333332, 2.8827270345403235, 4.67355581451182]","[9.448222119206475, 3.770623543136588, 4.072187339618885, 2.9274623433333335, 5.519074502701, 5.481770253115539, 1.3134333333333332, 2.8827270345403235, 5.243885387136367]","[10.157633807377257, 4.066250641038556, 4.072187339618885, 2.9274623433333335, 5.519074502701, 5.7602858839177165, 1.3134333333333332, 3.187233097528254, 5.243885387136367]","[11.28549689461045, 4.066250641038556, 4.654484144893802, 3.2315210532333336, 6.072578253430582, 5.7602858839177165, 1.6336323333333331, 3.187233097528254, 6.129532067932353]","[11.724248839741037, 4.358921467961503, 4.941272636778197, 3.5325391760343337, 6.34518580422961, 6.579232966212809, 2.575145152734333, 3.4886940998863047, 7.2014703809561995]","[12.607006351343626, 4.935512264082401, 5.225193243743748, 3.8305471176073236, 6.34518580422961, 7.778306230185174, 2.575145152734333, 4.041776396425582, 7.7214944537085035]","[13.423706332478682, 5.500628903360495, 5.225193243743748, 5.084319229966938, 6.34518580422961, 8.286851269537822, 2.54939370120699, 4.334691965794659, 7.7214944537085035]","[13.423706332478682, 6.5973485103920995, 6.332766114752534, 5.366809371000602, 6.615067279520646, 8.785276262607352, 2.52389976419492, 4.334691965794659, 7.7214944537085035]","[14.681708830697733, 7.12939460836863, 6.870077402402291, 5.646474610623929, 6.615067279520646, 8.785276262607352, 2.831994099886304, 5.4773541402547385, 8.231170047413038]","[15.719542824966847, 9.299975527658916, 7.134709961711601, 5.59000986451769, 6.882249940058773, 9.752567657941668, 2.831994099886304, 5.4773541402547385, 8.730703096802852]"
